[
    {
        "id":1,
        "name":"Story Book",
        "title":"lorem, ipsum wegfyue eyuvv eehc lorem, ipsum wegfyue eyuvv eehc lorem, ipsum wegfyue eyuvv eehc",
        "price":0,
        "category":"Free",
        "image":"https://img.freepik.com/free-vector/hand-drawn-flat-design-stack-books-illustration_23-2149341898.jpg?t=st=1743515642~exp=1743519242~hmac=657771cba8e68b44410adfa4bbd3b42ce1966ff702e5784c107d9c56f6ebe50e&w=900"

    },

     {
        "id":2,
        "name":"Story Book",
        "title":"lorem, ipsum wegfyue eyuvv eehc lorem, ipsum wegfyue eyuvv eehc lorem, ipsum wegfyue eyuvv eehc",
        "price":0,
        "category":"Free",
        "image":"https://img.freepik.com/free-vector/hand-drawn-flat-design-stack-books-illustration_23-2149341898.jpg?t=st=1743515642~exp=1743519242~hmac=657771cba8e68b44410adfa4bbd3b42ce1966ff702e5784c107d9c56f6ebe50e&w=900"

    },

     {
        "id":3,
        "name":"Music Book",
        "title":"lorem, ipsum wegfyue eyuvv eehc lorem, ipsum wegfyue eyuvv eehc lorem, ipsum wegfyue eyuvv eehc",
        "price":100,
        "category":"Song",
        "image":"https://img.freepik.com/free-vector/hand-drawn-flat-design-stack-books-illustration_23-2149341898.jpg?t=st=1743515642~exp=1743519242~hmac=657771cba8e68b44410adfa4bbd3b42ce1966ff702e5784c107d9c56f6ebe50e&w=900"

    },

       {
        "id":4,
        "name":"Story Book",
        "title":"lorem, ipsum wegfyue eyuvv eehc lorem, ipsum wegfyue eyuvv eehc lorem, ipsum wegfyue eyuvv eehc",
        "price":0,
        "category":"Free",
        "image":"https://img.freepik.com/free-vector/hand-drawn-flat-design-stack-books-illustration_23-2149341898.jpg?t=st=1743515642~exp=1743519242~hmac=657771cba8e68b44410adfa4bbd3b42ce1966ff702e5784c107d9c56f6ebe50e&w=900"

    },

     {
        "id":5,
        "name":"Food Book",
        "title":"lorem, ipsum wegfyue eyuvv eehc lorem, ipsum wegfyue eyuvv eehc lorem, ipsum wegfyue eyuvv eehc",
        "price":200,
        "category":"Food",
        "image":"https://img.freepik.com/free-vector/hand-drawn-flat-design-stack-books-illustration_23-2149341898.jpg?t=st=1743515642~exp=1743519242~hmac=657771cba8e68b44410adfa4bbd3b42ce1966ff702e5784c107d9c56f6ebe50e&w=900"

    },

     {
        "id":6,
        "name":"Story Book",
        "title":"lorem, ipsum wegfyue eyuvv eehc lorem, ipsum wegfyue eyuvv eehc lorem, ipsum wegfyue eyuvv eehc lorem,",
        "price":0,
        "category":"Free",
        "image":"https://img.freepik.com/free-vector/hand-drawn-flat-design-stack-books-illustration_23-2149341898.jpg?t=st=1743515642~exp=1743519242~hmac=657771cba8e68b44410adfa4bbd3b42ce1966ff702e5784c107d9c56f6ebe50e&w=900"

    },

       {
        "id":7,
        "name":"Sports Book",
        "title":"lorem, ipsum wegfyue eyuvv eehc lorem, ipsum wegfyue eyuvv eehc lorem, ipsum wegfyue eyuvv eehc lorem,",
        "price":0,
        "category":"Free",
        "image":"https://img.freepik.com/free-vector/hand-drawn-flat-design-stack-books-illustration_23-2149341898.jpg?t=st=1743515642~exp=1743519242~hmac=657771cba8e68b44410adfa4bbd3b42ce1966ff702e5784c107d9c56f6ebe50e&w=900"

    },

     {
        "id":8,
        "name":"Story Book",
        "title":"lorem, ipsum wegfyue eyuvv eehc lorem, ipsum wegfyue eyuvv eehc lorem, ipsum wegfyue eyuvv eehc lorem,",
        "price":0,
        "category":"Free",
        "image":"https://img.freepik.com/free-vector/hand-drawn-flat-design-stack-books-illustration_23-2149341898.jpg?t=st=1743515642~exp=1743519242~hmac=657771cba8e68b44410adfa4bbd3b42ce1966ff702e5784c107d9c56f6ebe50e&w=900"

    },

     {
        "id":9,
        "name":"Story Book",
        "title":"lorem, ipsum wegfyue eyuvv eehc lorem, ipsum wegfyue eyuvv eehc lorem, ipsum wegfyue eyuvv eehc lorem,",
        "price":0,
        "category":"Free",
        "image":"https://img.freepik.com/free-vector/hand-drawn-flat-design-stack-books-illustration_23-2149341898.jpg?t=st=1743515642~exp=1743519242~hmac=657771cba8e68b44410adfa4bbd3b42ce1966ff702e5784c107d9c56f6ebe50e&w=900"

    },

       {
        "id":10,
        "name":"Story Book",
        "title":"lorem, ipsum wegfyue eyuvv eehc lorem, ipsum wegfyue eyuvv eehc lorem, ipsum wegfyue eyuvv eehc lorem,",
        "price":0,
        "category":"Free",
        "image":"https://img.freepik.com/free-vector/hand-drawn-flat-design-stack-books-illustration_23-2149341898.jpg?t=st=1743515642~exp=1743519242~hmac=657771cba8e68b44410adfa4bbd3b42ce1966ff702e5784c107d9c56f6ebe50e&w=900"

    },

     {
        "id":11,
        "name":"Comedy Book",
        "title":"lorem, ipsum wegfyue eyuvv eehc lorem, ipsum wegfyue eyuvv eehc lorem, ipsum wegfyue eyuvv eehc lorem,",
        "price":0,
        "category":"Free",
        "image":"https://img.freepik.com/free-vector/hand-drawn-flat-design-stack-books-illustration_23-2149341898.jpg?t=st=1743515642~exp=1743519242~hmac=657771cba8e68b44410adfa4bbd3b42ce1966ff702e5784c107d9c56f6ebe50e&w=900"

    }
]